"model_name","beta","beta_0.025","beta_0.975","L","L_0.025","L_0.975","gamma","gamma_0.025","gamma_0.975","alpha","alpha_0.025","alpha_0.975","tau","tau_0.025","tau_0.975"
"mass_decay_link_beta",1.76389177686419e-09,2.07071542783619e-09,1.28965630178251e-09,40.5996545397884,34.1726657239499,48.2553402926855,0.0951947389166317,0.0998284896650879,0.0784829173767839,3.31056125721211e-07,5.10292793538502e-07,2.78937433246474e-07,0.804535693446219,0.740272313362253,0.878138562561944
"mass_decay_link_L",1.29547678475595e-10,1.35381159839083e-10,1.21582496844947e-10,105.143183099368,97.8584871428051,115.085243612263,0.000971384640034455,0.00258455973102663,0.000642858353670478,5.42653004745762e-08,7.68646659097671e-08,4.74994949888741e-08,0.679939654142654,0.644615138273046,0.71227562193254
"mass_decay_link_both",2.30700504472978e-09,2.73917214295843e-09,1.90672171961158e-09,47.6130660166718,39.1702015281783,58.8287109586887,0.00397986517957619,0.0428462101625141,0.00110277756631615,1.4825486128539e-07,2.48382817365186e-07,1.22751212585162e-07,0.818420324322537,0.747029325178249,0.878084392367163
"frequentist_decay_link_beta",2.17414660629908e-09,2.5621579966748e-09,1.59555581281516e-09,33.7251688036028,25.2117624213086,39.5453045479956,0.0965898489812498,0.0998682575737933,0.0756169129379594,3.9167330336328e-07,4.86337879098761e-07,3.39456343232532e-07,0.754103484389349,0.684252886311552,0.842316544358031
"frequentist_decay_link_L",1.39299684449565e-10,1.6921607721162e-10,1.17212359990814e-10,112.732970526488,100.110873028643,123.82128795258,0.00200102166492316,0.0563269585719469,0.000513547909951557,6.58259216486752e-08,9.05709626146943e-08,4.70107156647858e-08,0.676462263953829,0.542570269251232,0.772242633384539
"frequentist_decay_link_both",2.64025221118449e-09,3.13608430060314e-09,2.11780863569121e-09,48.6819798197892,42.4325169436467,55.1140966078588,0.0388722499274414,0.0528275263731958,0.0189719253054259,2.44102546982102e-07,3.71352653448324e-07,2.05696294098282e-07,0.820977364497758,0.752094872882257,0.899349991525174
