"model_name","beta","beta_0.025","beta_0.975","L","L_0.025","L_0.975","gamma","gamma_0.025","gamma_0.975","alpha","alpha_0.025","alpha_0.975","tau","tau_0.025","tau_0.975"
"mass_decay_link_beta",4.00947970277213e-09,4.81882647713598e-09,3.10423242001088e-09,14.5759930928689,11.2045836500029,16.8882220851152,0.00343202506477376,0.0871763439628327,0.000923412780114713,6.73705032094917e-08,1.79562497899974e-07,1.39383947540849e-08,0.663440335348799,0.568511337779811,0.829132487304752
"mass_decay_link_L",1.15624615055904e-10,1.56101112056715e-10,9.76735062058854e-11,102.065330460129,66.6443765395977,111.524174192527,0.0683287733653777,0.0901784529300133,0.00645787479140676,2.74722800455884e-08,3.35968099183007e-08,9.72528953359077e-09,0.412054293124979,0.351288408377446,0.64278121119342
"mass_decay_link_both",3.1208429138206e-09,4.15069644702762e-09,2.72946844069776e-09,44.7501648263441,37.6205871889209,62.5932571120995,0.00397250191022853,0.0620653000027776,0.00160124116882102,5.04763107340504e-08,9.16806441934928e-08,1.50192178285674e-08,0.882215921144531,0.788316547134002,0.971242294717257
"frequentist_decay_link_beta",3.86329581707162e-09,5.81577430054705e-09,2.44994000178407e-09,12.203908539429,8.6831438402154,26.9888290810843,0.0108021146074214,0.0999727489955827,0.00222026246756166,2.83142409010678e-07,4.06424769683289e-07,1.66744314588532e-07,0.643477285735415,0.513163194818266,0.797199814346005
"frequentist_decay_link_L",1.97925969902013e-10,2.31511888879305e-10,1.64542565820711e-10,80.3209235475511,72.7255698325319,97.8801868686805,0.00293940278407172,0.059016479812042,0.00196622689363927,1.51220686533321e-08,2.85448497611834e-08,9.8359264436633e-09,0.701854124336907,0.503529775812926,0.762110008225608
"frequentist_decay_link_both",4.22341424755687e-09,5.53788103388092e-09,3.37994578191072e-09,34.6606222864754,27.6839628469417,57.7293912658664,0.00421609998137913,0.0747514664970917,0.00275672096395394,1.5098431325263e-07,2.02101297458629e-07,8.08193103187495e-08,0.889710426345243,0.806033823043254,0.960060351773738
