"model_name","beta","beta_0.025","beta_0.975","L","L_0.025","L_0.975","gamma","gamma_0.025","gamma_0.975","alpha","alpha_0.025","alpha_0.975","tau","tau_0.025","tau_0.975"
"mass_decay_link_beta",3.38724248811124e-09,3.74172456382073e-09,1.5021635559988e-09,7.31397545603641,6.22882229379817,66.8247426840588,0.00160145750310574,0.0039904800388271,0.000605020361079525,8.65104461958712e-08,1.96474208804565e-07,3.69267403118649e-08,0.317407184203769,0.245970027262406,0.94359772323754
"mass_decay_link_L",7.1918399380261e-11,8.7795846599891e-11,5.45518432365467e-11,63.0190772451611,52.3436942269497,107.891739495063,3.9110871978889e-05,0.00102880274320672,1.0411478100597e-05,2.2547882899178e-07,3.72622839119099e-07,3.6752889976459e-08,0.177053102002321,0.167229160106677,0.241508302963415
"mass_decay_link_both",3.09920967030898e-09,3.44716772710583e-09,1.59498525390012e-09,38.7386914679731,30.7200344254711,102.640285717894,0.0023778266102602,0.00930875382933585,0.000414686440979569,7.53039599497556e-08,1.11035017085245e-07,1.6321542329768e-08,0.813296760438868,0.726795271577382,0.886140973645643
"frequentist_decay_link_beta",2.46740911054528e-08,3.63021165080747e-08,1.59977656727681e-09,4.46930847773847,3.87206817801168,56.6355911368714,0.00282641582116326,0.00807376863024547,0.000674900288182592,8.73730673632085e-08,1.84368365268558e-07,3.93459049760993e-08,0.426750237475265,0.339526671196793,0.898664938291864
"frequentist_decay_link_L",8.72701288420221e-11,1.14179170235655e-10,6.49703153099993e-11,56.9310694774491,45.6242407112696,94.3778516958229,2.60266624767315e-05,0.000891637150249978,1.04044939656905e-05,1.79813991876449e-07,3.21808328009174e-07,3.3690833133357e-08,0.185393313456412,0.167259018220847,0.285924990581735
"frequentist_decay_link_both",1.31901873109972e-08,2.21580510249109e-08,1.65929132304503e-09,13.6388929736109,10.5740267404014,96.3364561089748,0.0020947455202436,0.00444635844665613,0.000620951885172494,8.36190699174524e-08,1.49276000674033e-07,2.09531603577437e-08,0.773933059562493,0.545893978020796,0.883829281203691
