"model_name","beta","beta_0.025","beta_0.975","L","L_0.025","L_0.975","gamma","gamma_0.025","gamma_0.975","alpha","alpha_0.025","alpha_0.975","tau","tau_0.025","tau_0.975"
"mass_decay_link_beta",3.32057307955809e-09,4.16323014780454e-09,3.05969121279152e-09,15.2088776065852,10.4494318723415,17.9726832719431,0.00147505228750079,0.00308871342235348,0.0011058175705389,2.95050442257172e-08,5.14742382564943e-08,2.48960188468421e-08,0.481926477198549,0.459067745279796,0.581800223097862
"mass_decay_link_L",7.88284000340014e-11,9.05930986768851e-11,7.7326441499241e-11,82.8345397486528,77.9682087380013,85.6502322853153,0.00245346746319933,0.00431196711112016,0.00204621139016591,3.55271349715864e-08,5.1847335390789e-08,2.98445649765364e-08,0.160655368394744,0.14973023457352,0.203957815783704
"mass_decay_link_both",3.32018991169313e-09,3.65414005862349e-09,2.9640581805116e-09,23.9497138822326,19.2922656211717,33.3270897402312,0.00231784005085217,0.00308247219521803,0.00201311989802274,3.29382412207802e-08,4.95408637119667e-08,2.37908597110123e-08,0.52856993304232,0.417445224247084,0.690748035129375
"frequentist_decay_link_beta",5.65590856184806e-09,6.30284541703138e-09,4.03518214764247e-09,10.7519677062476,9.93214388515755,11.9004198926328,0.00140281047765675,0.00194915750572937,0.00122513581664167,4.37882029942176e-08,8.33945743617607e-08,3.96041027657514e-08,0.417232990956017,0.391286437423115,0.493100238711169
"frequentist_decay_link_L",8.33415251891753e-11,9.19830763200863e-11,7.69928076819481e-11,75.8341031279655,67.2791136600517,85.5281134908323,0.0012206928629685,0.00219991708319982,0.000893257051582289,3.07750008162753e-08,4.0437344908545e-08,2.50456952473974e-08,0.144514902330703,0.106664673197866,0.167968412285234
"frequentist_decay_link_both",2.68913786746238e-08,2.77258081025451e-08,1.86191965618517e-08,6.34951402051977,6.25412890459725,6.98012068563853,0.00314582287116449,0.00426330207781952,0.00285756854484064,4.18045800761931e-08,4.40222784964397e-08,4.12690262282092e-08,0.415737803716644,0.406274117169362,0.41683825077597
