"model_name","beta","beta_0.025","beta_0.975","L","L_0.025","L_0.975","gamma","gamma_0.025","gamma_0.975","alpha","alpha_0.025","alpha_0.975","tau","tau_0.025","tau_0.975"
"mass_decay_link_beta",3.3762947652518e-09,3.82035005735173e-09,2.3447869302034e-09,18.6572681862721,16.6918093051936,20.5730823790935,0.000563393252543309,0.00102117974559422,0.00046011591391131,3.09559111807311e-08,7.56791333426153e-08,2.19392455580651e-08,0.591086036164081,0.45079782163215,0.659368045840316
"mass_decay_link_L",8.15605578653169e-11,8.47568638698312e-11,7.60384793698769e-11,82.4191525877925,75.2184652970693,88.8020330545784,0.00189814964102365,0.00249611499258008,0.00172543984471907,3.02268823087346e-08,4.48594604447304e-08,2.58539092194712e-08,0.161082793587165,0.142605813240431,0.19905125584778
"mass_decay_link_both",3.3065800417915e-09,3.56329286645312e-09,2.97405367320503e-09,23.2306084532014,18.9421248257917,29.6873951588219,0.00220562376993774,0.00251471730795336,0.00189766255657514,3.43737934831345e-08,5.22298880534793e-08,2.78351284966153e-08,0.519195427625729,0.412950997682992,0.629861960426916
"frequentist_decay_link_beta",5.75520886693347e-09,6.35467151478901e-09,4.54656247447943e-09,11.0163220800152,10.5012438611221,11.9083740768075,0.000971086372941321,0.00129005739267688,0.000896469245515745,4.56405549757883e-08,7.71849286695604e-08,3.95262010739469e-08,0.447979206139924,0.419752425935645,0.486004801457816
"frequentist_decay_link_L",7.36421312406523e-11,7.9924323331344e-11,6.69562619637234e-11,84.1228281223249,76.100201135912,94.3156683349189,0.00118275048115897,0.00165731756118611,0.000907587348794847,4.24144472125808e-08,4.9619825945167e-08,3.04568425186065e-08,0.135863573553123,0.0977463827385336,0.1662524511186
"frequentist_decay_link_both",2.71230192408922e-08,2.75864191851764e-08,2.05133744328898e-08,6.52253229074226,6.48616888607429,6.69175628106173,0.00261277311357809,0.00275841998954286,0.00253082631074198,4.50540500038329e-08,4.71579459831722e-08,4.42620923580142e-08,0.432547503469348,0.419601149129909,0.444666012680256
