"model_name","beta","beta_0.025","beta_0.975","L","L_0.025","L_0.975","gamma","gamma_0.025","gamma_0.975","alpha","alpha_0.025","alpha_0.975","tau","tau_0.025","tau_0.975"
"mass_decay_link_beta",3.48248007179368e-09,3.71931405166686e-09,3.19937420051904e-09,7.46931420547565,6.4886091992328,10.0816224836701,0.00265017090675868,0.00333915388177264,0.00229535419800755,1.03125597476369e-07,1.13412375100141e-07,8.49145598990365e-08,0.333928559132835,0.251365924678157,0.499599091827593
"mass_decay_link_L",7.56014238297529e-11,9.09404203462934e-11,6.37660952017562e-11,60.3704958951095,50.7512294900465,70.6478829839533,0.000361794560380342,0.000997926280154137,0.000246270796035139,2.44530567058052e-07,3.8108114023387e-07,1.38810795270741e-07,0.184795916380071,0.167753465127262,0.247524111841629
"mass_decay_link_both",2.91498481819197e-09,3.19192478049001e-09,2.61498335932491e-09,34.0944697738714,27.8705192398478,45.0034412529906,0.00155501856239079,0.0022015783549135,0.00128238092400039,1.08088822080731e-07,1.51701600246252e-07,8.74946548430632e-08,0.763192986542592,0.684438192761903,0.867102918561202
"frequentist_decay_link_beta",2.62610823563449e-08,3.12137224516032e-08,2.14516697692807e-08,4.5376799622384,4.2812110770533,5.19968242809137,0.00349812018053265,0.00393792036080849,0.00313795096402169,1.14870609074007e-07,1.44800674331517e-07,1.07408572905843e-07,0.449087726985615,0.420978696079766,0.532572440654859
"frequentist_decay_link_L",9.16367115996099e-11,1.13141298508368e-10,7.57570491042455e-11,54.5980283369641,45.2859165754473,64.4908728948694,0.000493354118107503,0.00151523507602525,0.000360777278370541,2.06124616281547e-07,3.23887312109982e-07,1.17022932588391e-07,0.196888166927838,0.168116731848343,0.281229761020607
"frequentist_decay_link_both",1.42505682749093e-08,1.73055624173663e-08,1.18266378043987e-08,13.8232791586137,12.2136634820083,15.5824779918061,0.00323149739008707,0.00389321381496376,0.00298527885800954,1.05540007159169e-07,1.12998702015841e-07,1.01580134222058e-07,0.764687861360412,0.726965411422929,0.807337740639965
