"model_name","beta","beta_0.025","beta_0.975","L","L_0.025","L_0.975","alpha","alpha_0.025","alpha_0.975","tau","tau_0.025","tau_0.975"
"dens_beta",2.76130602809355e-09,3.12188209830137e-09,2.02748775237174e-09,14.9533069391398,12.69865,18.6553256765953,2.61743633999376e-07,5.29187523889915e-07,1.98380038524412e-07,0.652224194799816,0.570760358848899,0.73884844456513
"dens_burst",1.26224127063519e-10,1.31806370429001e-10,1.19028295702927e-10,109.026161569081,101.935304207847,117.676543852939,6.61121359913611e-08,8.48630305923207e-08,5.81395862434773e-08,0.683492719609295,0.652689614684215,0.714597831783566
"dens_both",2.43650487121559e-09,2.71184892883295e-09,1.90623927286232e-09,44.981925,38.8433656759594,51.7231311070509,1.6372330822304e-07,2.88206522001031e-07,1.28288647404041e-07,0.82799289484325,0.7373777,0.8987418
"freq_beta",4.71032746311633e-09,6.46148482076152e-09,3.37239557856391e-09,9.99864854772852,8.3223256314519,13.1061106694911,3.40049680597791e-07,4.89963344162261e-07,2.55171835207676e-07,0.604315562826721,0.524071580344702,0.690793937754523
"freq_burst",1.57312498813341e-10,1.66366389544306e-10,1.46094863456583e-10,108.379649816452,101.084486358989,116.224676006433,5.98862812806177e-08,7.93481900215864e-08,5.122984530221e-08,0.742629910886107,0.7114233253755,0.775319659767699
"freq_both",3.75954129575553e-09,4.40791687310617e-09,2.92434567232142e-09,33.6712857529351,29.00829991481,40.1242445663459,2.32141102461767e-07,3.28950151365856e-07,1.99770300172616e-07,0.849451814019877,0.778224226968822,0.929382512198981
