"model_name","beta","beta_0.025","beta_0.975","L","L_0.025","L_0.975","gamma","gamma_0.025","gamma_0.975","alpha","alpha_0.025","alpha_0.975","tau","tau_0.025","tau_0.975"
"mass_decay_link_beta",2.92895333264765e-09,3.18731245430141e-09,2.58839501541769e-09,6.95031772640024,6.04150849402253,7.86506993941594,0.00296432430636337,0.00339899017858108,0.00237367267926889,1.60068824432055e-07,2.16824037049947e-07,1.42975763110898e-07,0.255219487805002,0.181654964648629,0.324055829125703
"mass_decay_link_L",7.47330805682945e-11,8.92523687195712e-11,6.38994304252478e-11,60.9259815918384,51.9572285261155,70.7247334808293,0.000486607407377457,0.000700748952019985,0.000385300145815142,2.51513351255666e-07,3.80826340379404e-07,1.50771263208508e-07,0.184037843102484,0.167609183230356,0.247585907122275
"mass_decay_link_both",3.33604759057817e-09,3.6072134364709e-09,2.79468296607283e-09,36.7836223727885,31.1552426170532,41.6659607913448,0.00605868870646111,0.0109466138681684,0.00374119545551642,6.28140723803602e-08,1.22764243672564e-07,5.04932506391273e-08,0.811952676808996,0.740103160141572,0.871943684552477
"frequentist_decay_link_beta",3.14070396367469e-08,3.74161248518261e-08,1.92962928985932e-08,3.8755227218208,3.46096475084022,4.38212342909867,0.00561104874743335,0.00904913412476775,0.00444130624052872,7.80698225644147e-08,1.4667256272418e-07,6.0998157499404e-08,0.33393859683976,0.263075236128329,0.412587413789238
"frequentist_decay_link_L",9.17128667249889e-11,1.13086734586623e-10,7.39363799021915e-11,54.7028800167881,45.5051993337312,65.715749919476,0.000631423891361363,0.00131121561495501,0.000319745541502035,2.03784051905427e-07,3.42231615330234e-07,1.18270698009601e-07,0.196827109175162,0.168236905546717,0.288326430296003
"frequentist_decay_link_both",2.02596540640465e-08,2.42322229393732e-08,1.56476341334679e-08,15.1949929173737,13.5061874515974,17.5876566051065,0.00303538329722344,0.00373245508701547,0.00274913510756677,7.66519220133588e-08,8.33183216177731e-08,6.62628989261981e-08,0.893069350005726,0.834649227309257,0.951775391329201
