"model_name","beta","beta_0.025","beta_0.975","L","L_0.025","L_0.975","gamma","gamma_0.025","gamma_0.975","alpha","alpha_0.025","alpha_0.975","tau","tau_0.025","tau_0.975"
"mass_decay_link_beta",3.15780919024352e-09,3.51562113379582e-09,2.82378014156429e-09,16.2330043412561,14.2966175349626,17.8912817991972,0.00239218867106173,0.00306771293649144,0.00167163359503128,9.27286605885912e-08,1.28241056410541e-07,6.93693329774368e-08,0.648048880914431,0.579709367467709,0.697126252372128
"mass_decay_link_L",1.2259805584302e-10,1.3100997881248e-10,1.13495764837641e-10,75.8587786148888,68.2636750358022,85.1241844267753,0.00661580690620005,0.0301673571694986,0.00175256537456474,2.46129939390864e-08,3.52021669445477e-08,2.17922369214117e-08,0.445276502626329,0.386317154300604,0.495928686067317
"mass_decay_link_both",2.9518120778473e-09,3.17315061661873e-09,2.62306481387588e-09,57.2989122916016,50.8363910884474,63.5175026016045,0.0027540140078922,0.00413451057375131,0.00190933052943055,4.82231380274627e-08,7.11509572846851e-08,3.86783601532549e-08,0.910617144905707,0.860587460699758,0.960128598065174
"frequentist_decay_link_beta",4.41653858116382e-09,5.19053024880711e-09,3.65557041920274e-09,12.2975889522522,11.0582423993156,16.2994555824202,0.00288157183697731,0.00566323258624001,0.00195832214863181,1.76689211253104e-07,2.19498071584366e-07,1.55058725805059e-07,0.608010610369133,0.544539156256625,0.738046020296
"frequentist_decay_link_L",1.5717561747344e-10,1.67339776658324e-10,1.45325625568014e-10,74.3555179016399,67.8073642033067,81.0084732245627,0.00446002391574779,0.0308447694236309,0.0017807222461623,2.34776931185245e-08,3.10060267065098e-08,1.80841147721399e-08,0.50768887213768,0.428792301549096,0.56144872340935
"frequentist_decay_link_both",3.50665799321338e-09,4.26752672363455e-09,2.90898208026897e-09,48.2818032349255,41.3033462700695,53.6743615515915,0.00253665165166714,0.00426811025829362,0.00181525688183418,1.29660443782306e-07,1.61311819758256e-07,1.04861146407531e-07,0.910856359499666,0.83343151564297,0.991471601048177
