"model_name","beta","beta_0.025","beta_0.975","L","L_0.025","L_0.975","gamma","gamma_0.025","gamma_0.975","alpha","alpha_0.025","alpha_0.975","tau","tau_0.025","tau_0.975"
"dens_beta",4.44321920621752e-09,4.64237217413252e-09,4.09437180025988e-09,33.8145314763707,30.5503299085457,37.4728649034328,0.0998001308837995,0.0999931400548988,0.0988756402747801,5.74512542662536e-09,7.72589267851944e-09,5.01232737682662e-09,0.984524842861321,0.929534336162603,0.999348184787896
"dens_burst",1.14947090339498e-10,1.42823025009234e-10,1.0718855264742e-10,85.5339741493665,76.391553412534,93.4979898083629,0.0972984585126072,0.0999031221672279,0.0271673226970416,1.51290963973091e-08,2.23817761906611e-08,1.17432614230735e-08,0.353753022837534,0.307828208900708,0.59805586399512
"dens_both",3.57946046195345e-09,3.98981727534504e-09,3.35626040867029e-09,75.9832482427796,66.309810740494,83.2489820839278,0.0933253858090577,0.0997027230958305,0.0713371287676884,2.67241376049479e-09,3.74886091586172e-09,1.97912916958928e-09,0.967468783657313,0.929888932181584,0.99709217087685
"freq_beta",4.68630677963496e-09,5.22464467644546e-09,3.98081393717969e-09,24.6111526712772,21.2044604611996,28.8107253251446,0.0995550998284426,0.0999833365448312,0.0974901595971836,9.56041353644732e-08,1.33868560827728e-07,7.70529885291352e-08,0.872879856800072,0.791797119577517,0.969733617275692
"freq_burst",1.57238264298578e-10,1.7056357591762e-10,1.39275691753199e-10,74.5395334993296,69.4717729688382,82.4794698929683,0.0988623496058494,0.099959476155711,0.0927687894737565,8.20509870879642e-09,1.22300912995461e-08,6.92426478293249e-09,0.392483943909111,0.362981759964879,0.428945634577914
"freq_both",4.02488080059408e-09,4.53613056403796e-09,3.53940399430212e-09,59.5603266272876,50.6025861555949,67.900665164305,0.0841965296854652,0.0981969951634848,0.066205518876981,5.73457375157118e-08,8.4740673629354e-08,4.17412347676289e-08,0.938639761949738,0.876138626465884,0.990691532331657
