"model_name","beta","beta_0.025","beta_0.975","L","L_0.025","L_0.975","gamma","gamma_0.025","gamma_0.975","alpha","alpha_0.025","alpha_0.975","tau","tau_0.025","tau_0.975"
"mass_decay_link_beta",6.98990799552669e-10,1.13330465576818e-09,4.51555306494353e-10,51.3652361729604,38.5865906925854,59.489288545701,0.0635863425334807,0.0797119513052209,0.0433190626542222,1.25778534813285e-06,1.38006143917358e-06,7.20843265151606e-07,0.622015775071106,0.47361858789585,0.76271968881993
"mass_decay_link_L",1.38527845694134e-10,1.98374656561865e-10,6.99936376897604e-11,69.2559585574659,62.0819367454239,131.169418799767,0.000411684111953849,0.00313402809356905,0.000132355085693623,4.71498629117647e-07,9.94155565903606e-07,1.12098167997127e-07,0.586294487785082,0.323483031786547,0.671347365668789
"mass_decay_link_both",1.54793568153829e-09,2.12469480074122e-09,1.18540393740079e-09,48.6823645657258,41.0415042020371,57.1781633627049,0.000693669027605798,0.0194372046347843,8.56596681049763e-05,3.66306546563836e-07,5.19313284372404e-07,2.19269351860875e-07,0.744565621710178,0.652711881806627,0.840438038424715
"frequentist_decay_link_beta",3.97541327307616e-10,3.2473484428319e-09,2.01882945187734e-10,41.4722865658346,12.5494847708418,76.0427447910544,0.000505044532924337,0.0998419893282085,0.000144123854978958,8.35846847334222e-07,1.08926198777358e-06,5.40128288473882e-07,0.353154611703275,0.17003786694924,0.713460613565924
"frequentist_decay_link_L",9.83718508581919e-11,1.28945310550932e-10,7.2076113405735e-11,98.1471860534045,79.5726547523607,132.310240910655,0.000658165305383574,0.00631834124438249,0.000304733709653669,1.85921840948581e-07,3.25605217191632e-07,8.99942242822472e-08,0.498866398332129,0.287319634399661,0.729329564309839
"frequentist_decay_link_both",1.30709719883904e-09,2.38016664159139e-09,4.26733403455393e-10,52.1812373252689,41.714000283822,66.8492255644745,0.0122833137391904,0.0371306523197721,0.00342365672910458,6.79984034136374e-07,1.16584294561501e-06,3.26699376259839e-07,0.709440830799051,0.348004288414699,0.832218523057415
