"model_name","beta","beta_0.025","beta_0.975","L","L_0.025","L_0.975","gamma","gamma_0.025","gamma_0.975","alpha","alpha_0.025","alpha_0.975","tau","tau_0.025","tau_0.975"
"mass_decay_link_beta",3.6736530892277e-09,4.3633854675384e-09,1.83749398033582e-09,33.4627702017899,28.9915603806135,42.3972868300414,0.0995749211755852,0.0999853285837284,0.0935032463907409,4.1897356292779e-08,3.11178909656559e-07,1.10973016674895e-08,0.933737609236555,0.807276705517421,0.99588657172824
"mass_decay_link_L",1.6167325793046e-10,1.76676517245376e-10,1.30743495704581e-10,80.6219685750352,70.3661551386416,104.856782758803,0.00138451912599569,0.0131647357611166,0.000640708768056845,1.53637581397383e-08,5.15144903854686e-08,8.53532662302905e-09,0.664192449794619,0.604614174298908,0.707011877230257
"mass_decay_link_both",3.48715187777405e-09,4.09608546570165e-09,2.28568449440734e-09,66.0972687279426,40.0606170064052,80.2068626161393,0.0706055998144029,0.0969423184123819,0.00122724642134101,1.46993338753659e-08,1.36031021338621e-07,3.60465432195487e-09,0.936835841427279,0.81266314969842,0.991881535023739
"frequentist_decay_link_beta",4.40264945021407e-09,5.23601439092144e-09,2.19230093817979e-09,26.0810095870232,22.0233035355174,34.0471201621028,0.0994228409334087,0.0999775291435228,0.0937410000453745,1.18246426383534e-07,3.92387701599735e-07,7.85084986116759e-08,0.878118291492691,0.764471051954004,0.969162429284648
"frequentist_decay_link_L",1.62476982531715e-10,2.54243417027608e-10,1.24547890542847e-10,79.4521798932422,67.623719529816,114.288426314742,0.00190740689561691,0.0997330506755737,0.000454896106810523,1.21472501945653e-08,6.49329989732437e-08,7.44539980820523e-09,0.659169156213389,0.36511719353667,0.771125400849578
"frequentist_decay_link_both",3.92432987023577e-09,4.47448477791291e-09,2.67999403587084e-09,59.0771307370942,47.9105102713685,68.8116968336485,0.0829577486509232,0.0984920473273711,0.040473680406781,6.22478207470519e-08,2.14776294759241e-07,3.84564740593173e-08,0.930505111984586,0.819202228804713,0.989617280170958
