"model_name","beta","beta_0.025","beta_0.975","L","L_0.025","L_0.975","gamma","gamma_0.025","gamma_0.975","alpha","alpha_0.025","alpha_0.975","tau","tau_0.025","tau_0.975"
"mass_decay_link_beta",3.05829435941599e-09,3.7254242940202e-09,1.33183661091792e-09,35.8747879730202,29.0498769719049,47.275356425149,0.0987757167158519,0.0999696146830001,0.0815075196898991,9.0938171640759e-08,4.99052697197085e-07,4.0444139024355e-08,0.861951084962616,0.750072612625253,0.977933856518958
"mass_decay_link_L",1.43801470670128e-10,1.64732437561727e-10,1.22793924641613e-10,94.8750055505982,77.8300823012486,113.209742155566,0.0010424580282084,0.00297645815727153,0.000629665757782626,3.06800177476227e-08,7.4839502760656e-08,1.47897974678647e-08,0.674370334377033,0.636673221077936,0.713128548157047
"mass_decay_link_both",2.58924458807533e-09,3.46547211893469e-09,1.93587389679713e-09,53.5646327225502,39.8171188672037,71.5438950824087,0.0313407301682594,0.0787248772321344,0.00113973073681384,1.30204519278709e-07,2.35110226217411e-07,1.63270704517227e-08,0.844486050156404,0.753302413139724,0.960041178313648
"frequentist_decay_link_beta",3.60484891961075e-09,4.78923484799802e-09,1.65549866049222e-09,28.9756791024261,22.9915401029758,37.9356034894246,0.0988179366183312,0.0999648971907341,0.0824436590390502,1.66408429478925e-07,4.68407324951707e-07,1.04465317130447e-07,0.826685110285331,0.708822547765132,0.957496391164993
"frequentist_decay_link_L",1.56813140136645e-10,2.32016140512965e-10,1.18450536213732e-10,96.8282151588032,74.924265786322,122.510979906694,0.00200102166492316,0.097800020657048,0.000497496221977327,2.9333535938255e-08,8.59447629571664e-08,1.14022090193778e-08,0.674275741589397,0.403877230691017,0.774907822846603
"frequentist_decay_link_both",2.86558595860156e-09,4.39468075510851e-09,2.16759129305704e-09,51.4561079879887,42.8667544785457,67.4442330338328,0.0451797931554302,0.096836047642126,0.0201797216988205,2.14294723206722e-07,3.50877767233648e-07,4.22939193067573e-08,0.85683132651368,0.75773394011941,0.982603198651597
