"model_name","beta","beta_0.025","beta_0.975","L","L_0.025","L_0.975","gamma","gamma_0.025","gamma_0.975","alpha","alpha_0.025","alpha_0.975","tau","tau_0.025","tau_0.975"
"mass_decay_link_beta",3.00026168328037e-09,3.42845270443771e-09,2.61348720716835e-09,16.831624034273,13.9025205618094,19.1080890746486,0.00216853896121012,0.00330422414139176,0.00129746094272196,1.08211710951057e-07,1.57780307630994e-07,7.31980080247095e-08,0.644965401868974,0.558995022778027,0.716052589101912
"mass_decay_link_L",1.32401631895888e-10,1.41153047055198e-10,1.24932716803181e-10,68.2353296427389,62.7228809582785,76.3317687762263,0.0077980046731885,0.0139500003487874,0.000662546151279196,1.84202443547363e-08,2.41511077568684e-08,1.4535204648455e-08,0.439206383712036,0.389545324313006,0.502500001741286
"mass_decay_link_both",2.80885656387241e-09,3.00349517968126e-09,2.47906082328506e-09,57.4540678000754,50.1010830036204,63.6015934518304,0.0019409558431499,0.00270888701430332,0.00145247230522239,5.67363066099113e-08,8.4271325884647e-08,4.90313592364267e-08,0.899164398820165,0.833577656456813,0.956181170987577
"frequentist_decay_link_beta",4.1319792169713e-09,4.97375846787036e-09,3.40275669211011e-09,13.3317065227833,11.4084440869244,15.2220728292742,0.00266038258519797,0.00415435465417676,0.00176647252471166,2.0081352914786e-07,2.41034082847154e-07,1.58631422861762e-07,0.627169915741137,0.583179969802876,0.673366705100951
"frequentist_decay_link_L",1.75281190331247e-10,1.91465978925733e-10,1.51964506489893e-10,65.6217899822286,58.6184496462824,74.9484938432248,0.00908778662799535,0.034906564926069,0.00117678190834116,1.49049013168882e-08,2.38723572669641e-08,1.21938281651859e-08,0.486870274226283,0.421710421110026,0.540011294521941
"frequentist_decay_link_both",3.46062031868318e-09,4.03448165673406e-09,2.77326333015489e-09,47.9660003185106,41.1846168344728,52.9212715509454,0.0018305717877722,0.00330653546802145,0.00101282854634985,1.34943849679177e-07,1.73605030102747e-07,1.13962837523179e-07,0.908203895120689,0.818743015186514,0.967351027731433
