"model_name","beta","beta_0.025","beta_0.975","L","L_0.025","L_0.975","alpha","alpha_0.025","alpha_0.975","tau","tau_0.025","tau_0.975"
"dens_beta",4.08185371805882e-09,4.4632716465843e-09,2.76615757098549e-09,12.1927519743622,10.34168241237,15.6308520122403,5.81597066174878e-08,2.56710091893925e-07,3.65891616393448e-08,0.633134079901597,0.545268684471518,0.723494252174257
"dens_burst",1.55132740735379e-10,1.6424114734219e-10,1.26785840078693e-10,86.1187124626385,78.4465832857851,108.330445897993,2.07382491510087e-08,6.0702661036591e-08,1.57473322539901e-08,0.676194160315912,0.640433115920779,0.708749305808304
"dens_both",2.43650487121559e-09,2.71184892883295e-09,1.90623927286232e-09,44.981925,38.8433656759594,51.7231311070509,1.6372330822304e-07,2.88206522001031e-07,1.28288647404041e-07,0.82799289484325,0.7373777,0.8987418
"freq_beta",5.39488385504906e-09,6.98638305449054e-09,4.0651560130246e-09,9.34752727293796,7.83507993573027,11.4060288598517,2.91060517919844e-07,3.87030589257491e-07,2.13936239320986e-07,0.599661282313805,0.507970812630783,0.682999840589465
"freq_burst",2.05974960242289e-10,2.26769496025676e-10,1.59389907219642e-10,85.2201895557308,76.7028570225263,107.418488284151,1.91722726837874e-08,5.45200352786268e-08,1.27722251705379e-08,0.746412960187417,0.704531718330341,0.78328585752048
"freq_both",3.75954129575553e-09,4.40791687310617e-09,2.92434567232142e-09,33.6712857529351,29.00829991481,40.1242445663459,2.32141102461767e-07,3.28950151365856e-07,1.99770300172616e-07,0.849451814019877,0.778224226968822,0.929382512198981
