"model_name","beta","beta_0.025","beta_0.975","L","L_0.025","L_0.975","alpha","alpha_0.025","alpha_0.975","tau","tau_0.025","tau_0.975"
"dens_beta",4.51317639718368e-09,5.01280552663851e-09,4.05074561770807e-09,11.7180529078112,10.0717412636173,13.6391505942189,3.07755850156237e-08,5.77914173251693e-08,1.49710866905462e-08,0.638494118538042,0.553028656932694,0.728223761119687
"dens_burst",1.61208153448726e-10,1.68616527618111e-10,1.53899945147886e-10,79.3214535861714,72.2869778325249,85.7680057316282,1.38466274753987e-08,1.70261203136992e-08,1.10329839070463e-08,0.65300985395283,0.615035308577281,0.687488655792523
"dens_both",4.25963037201117e-09,4.62566706193433e-09,3.8650296156794e-09,42.9105444108423,37.2558648609402,48.7349150292587,1.21057235353188e-08,2.2840241203183e-08,6.42701588533696e-09,0.929163011508517,0.857809295894863,0.990983798375626
"freq_beta",5.06225050016068e-09,6.739118406883e-09,3.70052788215401e-09,9.67180165667555,7.93306786781063,12.0541389441974,3.08154934987479e-07,4.30407028813909e-07,2.30883924413869e-07,0.59822307205068,0.49712917772115,0.691798510157333
"freq_burst",2.25821582590327e-10,2.40323378978136e-10,2.11350670873223e-10,75.616822288061,70.2568164136492,82.8249091382357,1.04874462910927e-08,1.35013798179373e-08,8.51315289784029e-09,0.721921985670994,0.685346642374757,0.768513024062249
"freq_both",4.73455101465694e-09,5.79849711363196e-09,3.83267647862984e-09,31.1107634634301,25.6305572288684,37.2931555053772,1.65070679145806e-07,2.120967569899e-07,1.29702765523325e-07,0.875979784760793,0.78926603108463,0.963172375777577
