"model_name","beta","beta_0.025","beta_0.975","L","L_0.025","L_0.975","gamma","gamma_0.025","gamma_0.975","alpha","alpha_0.025","alpha_0.975","tau","tau_0.025","tau_0.975"
"mass_decay_link_beta",1.9442769794348e-09,2.58064162421447e-09,1.53619903619398e-09,33.4947308356719,15.1998354964583,40.5016879524827,0.0858528592184179,0.0996391632546227,0.00179827729410564,3.46909559210419e-07,6.29980024042064e-07,2.68009692240495e-07,0.724678929648525,0.605163076990104,0.835705963439305
"mass_decay_link_L",1.26587234965118e-10,1.3220112984961e-10,1.18376252730436e-10,107.791847996317,100.871901470124,118.619828115237,0.000870302107855082,0.00126304348544686,0.000611816781532697,6.40909254419868e-08,8.83944337538442e-08,5.48231274683364e-08,0.678721474639015,0.647912381591492,0.708979293641918
"mass_decay_link_both",2.37796457406395e-09,2.68861308990577e-09,1.92719895248821e-09,44.1569343507959,37.6091955235325,50.9990498832148,0.00174928728628277,0.00423381935656836,0.000751948306096645,1.69802255839726e-07,2.7682379691132e-07,1.24330347555294e-07,0.812307993243623,0.734820738458526,0.888119049146856
"frequentist_decay_link_beta",2.73811490307657e-09,5.12871641828185e-09,1.41001394163868e-09,22.1175934277565,9.4891579383281,40.164432702133,0.00415577776335511,0.0996679822118907,0.00103699138179175,3.94082871041166e-07,7.08572343598749e-07,3.36148799426289e-07,0.684517502235713,0.548890548111169,0.826978321196245
"frequentist_decay_link_L",1.52157987819836e-10,1.71246364723873e-10,1.40399682677623e-10,110.030149621309,98.2932839128582,118.420866405182,0.00142157469014193,0.00756185256714534,0.000566026744392878,6.42333370720587e-08,9.18603201036267e-08,4.5750640504891e-08,0.732671081493575,0.691923020566821,0.771016172123358
"frequentist_decay_link_both",3.28282788591981e-09,3.98111656176473e-09,2.63659546015414e-09,38.5421106210414,30.559132596498,51.4419806053752,0.00361719817626014,0.0475979678592622,0.00178084660203327,2.39742245351237e-07,3.64627324027746e-07,1.79334678391999e-07,0.847278160731438,0.741280361349442,0.931028982360388
