"model_name","beta","beta_0.025","beta_0.975","L","L_0.025","L_0.975","gamma","gamma_0.025","gamma_0.975","alpha","alpha_0.025","alpha_0.975","tau","tau_0.025","tau_0.975"
"mass_decay_link_beta",1.50267390712209e-09,1.65931294808875e-09,1.35763417744549e-09,67.2785404837018,59.3096051989772,76.0921020657202,0.00481257367504745,0.00614376399604311,0.00316504753720717,5.37325902988705e-08,7.06602150253577e-08,4.91253209610342e-08,0.912365787003227,0.840768595729241,0.971281293473846
"mass_decay_link_L",6.10313017387175e-11,6.6744678822374e-11,5.76433449429452e-11,95.4406965597843,85.9380116495697,101.77333131499,0.00128243431643344,0.00148607092976623,0.00114809969238302,4.04117758104031e-08,4.62744116388986e-08,3.48436499401438e-08,0.169067806176397,0.167074372918019,0.177917127399624
"mass_decay_link_both",1.46558693833724e-09,1.66227588910696e-09,1.17326809500992e-09,97.0547162796579,89.0050194898079,104.538421261837,0.00156099326861069,0.0023259582659802,0.00116184519353811,3.68676191612029e-08,6.18342744949758e-08,2.47757532498856e-08,0.775037905439183,0.700656973412244,0.834089456869514
"frequentist_decay_link_beta",1.48546878502714e-09,1.68010969327714e-09,1.3092013051625e-09,65.276252042888,54.6142409514731,73.9931436732415,0.00277062185971602,0.0031651331190186,0.00250125131624598,6.80870043568635e-08,1.0161449586856e-07,5.90152115259933e-08,0.879372595225785,0.807386764890619,0.96324053228117
"frequentist_decay_link_L",6.69792459839896e-11,7.22934893192526e-11,5.95034394007632e-11,91.662987205678,84.5775821506645,104.653998053656,0.00123444585854111,0.00142373017871661,0.000995648188374538,3.75511156967127e-08,4.49021917230718e-08,3.58676440085769e-08,0.169412315244236,0.167081955813071,0.181292677894789
"frequentist_decay_link_both",1.59901656012815e-09,1.76970512726787e-09,1.34678494406421e-09,93.4758143781106,85.7141558283428,101.00022180256,0.00177837694922437,0.00210320182645821,0.00148219034117966,3.9028925027409e-08,6.0687330112363e-08,3.36561087589152e-08,0.781391243557754,0.740815022839666,0.812846176674602
