"model_name","beta","beta_0.025","beta_0.975","L","L_0.025","L_0.975","gamma","gamma_0.025","gamma_0.975","alpha","alpha_0.025","alpha_0.975","tau","tau_0.025","tau_0.975"
"mass_decay_link_beta",1.60255680062927e-09,1.8063762799858e-09,1.41790160674706e-09,60.5639041006845,51.9847177770038,66.0713077000408,7.10943337525658e-05,0.00019562219402757,5.75285924856132e-05,4.54149004366711e-08,6.21387928771039e-08,3.41820683817649e-08,0.890026300832136,0.820400230432078,0.950120050560702
"mass_decay_link_L",5.88613008442212e-11,6.32869748432173e-11,5.35096872853662e-11,99.0737115159896,91.1165171535281,110.337883130525,5.49052675133373e-05,0.000248526940781546,2.43254864002427e-05,4.78453065315233e-08,6.5468980995398e-08,3.96044452079673e-08,0.169119743814985,0.167078744353312,0.177328904909166
"mass_decay_link_both",1.74577612356225e-09,1.91310832438119e-09,1.638937976009e-09,99.1370930971008,85.7388150402762,106.735218609178,0.0002912196634634,0.000603121129282305,0.000176959019073127,1.36337591890654e-08,2.00241794762809e-08,9.60755700103892e-09,0.838768373661493,0.797235771990336,0.886460702200661
"frequentist_decay_link_beta",3.70602681053688e-08,4.72227326628246e-08,2.59160521825203e-08,5.85243261174456,5.14839852136098,6.56049245374261,0.0002652629856168,0.0014530514578509,0.000150071419205576,2.10739961922886e-09,4.49972039719506e-09,1.45135443694178e-09,0.512763485418111,0.374192967377739,0.611025474811195
"frequentist_decay_link_L",6.63122257006863e-11,7.24840304312017e-11,6.08214657861715e-11,92.4542772327177,84.1289018826465,101.552845310201,1.4528403225748e-05,2.62952564251925e-05,1.02111982367404e-05,4.36126406501908e-08,4.89123214353638e-08,3.62486633252044e-08,0.169702777691283,0.167101222458571,0.182811848208975
"frequentist_decay_link_both",2.07929502873123e-09,2.34453326327414e-09,1.96223295187636e-09,88.331608551123,81.6305317816554,92.5628151940211,0.000137127614552723,0.000156673291931342,0.000111818838768936,1.55210049071169e-08,1.84500835837669e-08,1.40301383434472e-08,0.851292146736119,0.811139157677519,0.899236845541715
