"model_name","beta","beta_0.025","beta_0.975","L","L_0.025","L_0.975","gamma","gamma_0.025","gamma_0.975","alpha","alpha_0.025","alpha_0.975","tau","tau_0.025","tau_0.975"
"mass_decay_link_beta",3.35080594965594e-09,3.76446518839907e-09,2.66879606844363e-09,19.9871316714192,18.6628901225897,21.5919394816606,0.00115309274854785,0.00253280013794432,0.000912812091052855,3.26397353948948e-08,6.11709788752258e-08,2.23124434845885e-08,0.613465946962618,0.561116403038346,0.664019957876544
"mass_decay_link_L",1.29870020025482e-10,1.34079057765626e-10,1.23484240531423e-10,138.35760428406,133.631547458862,146.002162322097,0.00122946848128089,0.00153773394316419,0.000980653728303566,2.17548721989026e-08,2.52121333773256e-08,2.02254131951715e-08,0.726375854843047,0.639635110291202,0.793412898907846
"mass_decay_link_both",3.3049063745435e-09,3.60108883546316e-09,2.9736623090137e-09,24.3258214684829,19.239775543095,34.0834111088081,0.00166449764042696,0.00203848239572457,0.00150042876761658,3.58662754367178e-08,4.99070816522592e-08,2.82039088260998e-08,0.533576140294886,0.422362418614321,0.695503995134157
"frequentist_decay_link_beta",5.81122104854737e-09,6.49760656416482e-09,4.26498421996517e-09,10.9593323956249,10.5633559103949,12.1099722000164,0.000976856486829991,0.0012064476572525,0.0008389034851708,4.42174929035123e-08,8.30216698991566e-08,3.52092182075039e-08,0.451259714169817,0.418980242455703,0.474763675890014
"frequentist_decay_link_L",7.93713185265501e-11,9.14540484059099e-11,7.15585895895216e-11,78.2647574274256,67.8390235591704,89.7097163849505,0.00113298915914445,0.00150531633170352,0.000957454993054384,3.2323136490331e-08,4.09583952605262e-08,2.67848009827137e-08,0.138740617052758,0.0968926433913306,0.167005790852203
"frequentist_decay_link_both",2.7004394996891e-08,2.73891952582624e-08,2.6831087452583e-08,6.84486815562156,6.76712901910547,6.95020026980554,0.00438816355072802,0.00452478974488356,0.00418324626133178,4.07500483337898e-08,4.09030131638158e-08,3.92929715023096e-08,0.450997842871535,0.446904369094299,0.457253191421171
