"model_name","beta","beta_0.025","beta_0.975","L","L_0.025","L_0.975","gamma","gamma_0.025","gamma_0.975","alpha","alpha_0.025","alpha_0.975","tau","tau_0.025","tau_0.975"
"mass_decay_link_beta",3.62435882083541e-09,3.93761418873114e-09,3.14647284448185e-09,13.1458575429868,11.9634915412446,14.7405409902085,0.00272054307715784,0.00439782536520941,0.00235906044492939,1.0699021550196e-07,1.67190790304555e-07,7.38513716437761e-08,0.641950330402652,0.592366518671479,0.705686545411646
"mass_decay_link_L",1.27823225866337e-10,1.52428379607628e-10,1.01444200503621e-10,92.0309363969651,85.2642575644691,99.0956436769416,0.0516365582543707,0.0995870613888299,0.00204259282030539,2.44577605037274e-08,3.40825318477704e-08,2.21264358596947e-08,0.536705829432013,0.326127538934007,0.695873373800185
"mass_decay_link_both",2.94470435043539e-09,3.16797961316291e-09,2.71183854387289e-09,53.6591334283976,37.9130378419791,62.9479291413081,0.0420045718748066,0.0633387727390015,0.00355100705076412,5.53659867205558e-08,9.16806441934928e-08,4.38338378945778e-08,0.869158466104771,0.786902963361926,0.924025981621731
"frequentist_decay_link_beta",5.33827194601593e-09,6.72901071487797e-09,4.1387552559355e-09,9.37852897643395,7.99192632398856,11.5381743914628,0.00455295959521978,0.00821607946960477,0.00281717999905042,2.7482110465495e-07,3.49094743581924e-07,2.13007499379295e-07,0.588832495165388,0.504150620820911,0.664219092186716
"frequentist_decay_link_L",1.77425687087142e-10,2.09634184806298e-10,1.17644276525897e-10,94.8169540686919,81.3239966376601,104.543710702965,0.00460779517342021,0.0993114006161544,0.00141408314651499,2.64785872071363e-08,3.15737960071198e-08,1.73251600780258e-08,0.700603314062036,0.385627249797179,0.766995832603002
"frequentist_decay_link_both",4.10886764343045e-09,5.71716656738548e-09,3.37681009370639e-09,41.9329517215875,28.9140959119524,61.1080127267517,0.0212858320267037,0.0793508750964185,0.00289912503012441,1.29915367867189e-07,2.02108170085076e-07,7.90955146714699e-08,0.916858163422753,0.830759123540515,0.967407508707326
