"model_name","beta","beta_0.025","beta_0.975","L","L_0.025","L_0.975","alpha","alpha_0.025","alpha_0.975","tau","tau_0.025","tau_0.975"
"dens_beta",4.08185371805882e-09,4.4632716465843e-09,2.76615757098549e-09,12.1927519743622,10.34168241237,15.6308520122403,5.81597066174878e-08,2.56710091893925e-07,3.65891616393448e-08,0.633134079901597,0.545268684471518,0.723494252174257
"dens_burst",1.55132740735379e-10,1.6424114734219e-10,1.26785840078693e-10,86.1187124626385,78.4465832857851,108.330445897993,2.07382491510087e-08,6.0702661036591e-08,1.57473322539901e-08,0.676194160315912,0.640433115920779,0.708749305808304
"dens_both",4.2633173956904e-09,4.53754852204925e-09,3.89263699025023e-09,42.6377438554632,37.1701153423782,48.3036940663904,1.18994614741875e-08,2.14567991162739e-08,7.4512317131133e-09,0.925199003026564,0.859910046225903,0.985816986502051
"freq_beta",4.9781255927596e-09,6.41441214960816e-09,3.67174451482817e-09,9.75290036730026,8.12973603018824,12.4005408977389,3.1423876872982e-07,4.38289634048723e-07,2.40824668833849e-07,0.604007694156315,0.514454815462581,0.688406755102932
"freq_burst",2.05974960242289e-10,2.26769496025676e-10,1.59389907219642e-10,85.2201895557308,76.7028570225263,107.418488284151,1.91722726837874e-08,5.45200352786268e-08,1.27722251705379e-08,0.746412960187417,0.704531718330341,0.78328585752048
"freq_both",4.795594972007e-09,5.95771664755768e-09,3.78978702273411e-09,30.7895635758085,25.4081141850356,37.3842426703865,1.62172031584776e-07,2.12070987432402e-07,1.23917760134077e-07,0.87549811915352,0.788759874148687,0.962648557710165
