"model_name","beta","beta_0.025","beta_0.975","L","L_0.025","L_0.975","gamma","gamma_0.025","gamma_0.975","alpha","alpha_0.025","alpha_0.975","tau","tau_0.025","tau_0.975"
"dens_beta",225062044.789659,215407115.692283,244237711.860102,33.8145314763707,30.5503299085457,37.4728649034328,10.0200269392866,10.0006860415722,10.113714532932,174060603.684225,129434881.069515,199508117.65075,0.984524842861321,0.929534336162603,0.999348184787896
"dens_burst",13333861878.4499,11196156121.0654,15717262859.1227,60.6947983059998,51.3623712373608,70.4988966724969,52324.2240207357,3902.82382148554,97422.3322220343,3965380.86458354,2549929.17275054,6507638.93401527,0.1843232529869,0.167620833483115,0.240862180226952
"dens_both",279371712.75647,250638044.548925,297950658.839428,75.9832482427796,66.309810740494,83.2489820839278,10.7151981353282,10.0298163274722,14.0179457356145,374193552.952987,266747692.81755,505272730.737188,0.967468783657313,0.929888932181584,0.99709217087685
"freq_beta",213387651.944949,191400575.910617,251204908.287795,24.6111526712772,21.2044604611996,28.8107253251446,10.0446888378721,10.0016666232339,10.2574455117508,10459798.5870348,7470013.82413359,12978081.9548859,0.872879856800072,0.791797119577517,0.969733617275692
"freq_burst",10917175666.6723,8809488597.46617,13288355485.3433,54.5348357694432,45.7357047967148,64.7808732640921,51269.9225635726,3845.95349916992,98026.6408307584,4817648.5988116,3032701.45189589,8311405.07404053,0.196676864046358,0.168324783989075,0.286244918586622
"freq_both",248454562.891005,220452208.304565,282533443.938539,59.5603266272876,50.6025861555949,67.900665164305,11.8769740716835,10.183610998841,15.1044809702064,17438087.6996484,11800708.6464038,23957125.5035205,0.938639761949738,0.876138626465884,0.990691532331657
