"model_name","beta","beta_0.025","beta_0.975","L","L_0.025","L_0.975","gamma","gamma_0.025","gamma_0.975","alpha","alpha_0.025","alpha_0.975","tau","tau_0.025","tau_0.975"
"mass_decay_link_beta",3.47615383177186e-09,3.75889321961569e-09,2.7933884890273e-09,7.05695199855522,6.17426909663184,8.15456851799103,0.0017167739252014,0.00414202492612667,0.00102121971470268,9.25735803619531e-08,2.06035417255119e-07,7.11030984211677e-08,0.304811737161874,0.242851586238102,0.367743038123459
"mass_decay_link_L",7.48171828807178e-11,8.88709692521912e-11,6.37428560053763e-11,60.7961894259679,51.8552686508392,71.0405509125413,2.25506051742654e-05,0.00115520120742473,1.031551869199e-05,2.51941357784824e-07,3.84585835374093e-07,1.54036837913707e-07,0.184371936880252,0.1676982063731,0.247536309300495
"mass_decay_link_both",3.18268003947547e-09,3.46514736835395e-09,2.83750360018062e-09,36.8274681097326,30.446722755637,43.84072411964,0.00306276933987832,0.00992811296569491,0.00105593720024112,8.20335060545993e-08,1.12546319733593e-07,6.48310972414037e-08,0.809166703372429,0.72085858466764,0.891083742047575
"frequentist_decay_link_beta",2.71571456252914e-08,3.69463517725515e-08,1.51879616469246e-08,4.32178064821149,3.86185323463099,4.93280837111353,0.004639984256497,0.00838891600499985,0.00173813733495079,1.13637921125053e-07,1.90400101015229e-07,6.21156723844536e-08,0.402871886008999,0.337313708993336,0.507875976304728
"frequentist_decay_link_L",9.19784990850183e-11,1.16038426050084e-10,7.532277989779e-11,54.5917175674662,44.8595924995621,64.6731184809984,2.24399783312406e-05,0.00107085239992516,1.03050831473717e-05,2.04572717542128e-07,3.31668559418099e-07,1.10410140430802e-07,0.198433854445992,0.16814055837927,0.292999163983375
"frequentist_decay_link_both",1.5186623430775e-08,2.24838420749655e-08,7.90912098085753e-09,12.7549496883983,10.409485837108,16.8482259830855,0.0025473131290571,0.00468321578824282,0.00174588409111911,9.58283605945463e-08,1.5361983167205e-07,6.83051276839587e-08,0.752447033400763,0.541012547714103,0.887172087437541
